[{
    "id": -1,
    "title": "Chapters",
    "parentId": -2
}, {
    "id": 1,
    "title": "COMPANY DEALINGS",
    "parentId": -1
}, {
    "id": 4,
    "title": "Company communications",
    "parentId": 1
}, {
    "id": 5,
    "title": "Company communications and service of documents: outline of the regimes",
    "parentId": 4
}, {
    "id": 6,
    "title": "Company communications provisions",
    "parentId": 4
}, {
    "id": 7,
    "title": "Company communications: overview",
    "parentId": 6
}, {
    "id": 8,
    "title": "Company communications: interpretation",
    "parentId": 6
}, {
    "id": 11,
    "title": "Overview",
    "parentId": 10
}, {
    "id": 12,
    "title": "Communications to a company in hard copy form",
    "parentId": 10
}, {
    "id": 15,
    "title": "Sending or supplying documents or information by a company",
    "parentId": 6
}, {
    "id": 16,
    "title": "Overview",
    "parentId": 15
}, {
    "id": 17,
    "title": "Communications by a company in hard copy form",
    "parentId": 15
}, {
    "id": 41,
    "title": "DIRECTORS AND OFFICERS: MANAGEMENT",
    "parentId": -1
}, {
    "id": 44,
    "title": "Company secretaries",
    "parentId": 41
}, {
    "id": 45,
    "title": "Requirement to have a company secretary",
    "parentId": 44
}, {
    "id": 46,
    "title": "Who can be a company secretary",
    "parentId": 44
}]
